serialNum,initialFreeMemory,gcRun
1,2.6754751753,False
2,2.370244196767988,False
3,2.1198000461815676,False
4,1.8527135963054289,False
5,1.543203499112439,True
6,1.4758431691670475,False
7,1.3784282675977562,False
8,1.23114066411022,False
9,1.1706259423635421,False
10,1.1065779817306525,False
11,0.9774483332520482,True
12,0.9599829489515983,False
13,0.24182175094027336,True
14,0.39024062010948235,False
15,0.3306923787859537,True
16,0.45987907868613487,False
17,0.4502759948625566,True
18,0.4872487878188104,False
19,0.5592794537669986,False
20,0.4376444449025344,True
21,0.5307170526200473,False
22,0.6124320368765542,False
23,0.6826891594894684,False
24,0.7210446778710764,False
25,0.7953127851441157,False
26,0.8275312919037608,False
27,0.8653873030502834,False
28,0.8103050406585525,False
29,0.8493588380052487,False
30,0.777718266512262,True
31,0.8675276527983382,False
32,0.828457659853812,False
33,0.8638113674037581,False
34,0.8982843618151765,False
35,0.8742681939120864,False
36,0.91718029948176,False
37,0.9291472049555627,False
38,0.9459960247521059,False
39,0.9520322510876511,False
40,0.9599669701381959,False
41,0.945830205212879,False
42,0.9418770912716973,False
43,0.9516808755035542,False
44,0.9240512068206176,False
45,0.8927256276792276,False
46,0.8347122373329018,False
47,0.803117918292388,False
48,0.8436216317688793,False
49,0.8701477993986145,False
50,0.8837210423396905,False
51,0.9115781654801997,False
52,0.8807748396335011,False
53,0.8754604806495345,False
54,0.8700063188943764,False
55,0.9044212107031486,False
56,0.9172271591654493,False
57,0.9445679262934406,False
58,0.9619676831487914,False
59,0.9595986845461761,False
60,0.8942080462436831,False
61,0.8971024842320474,False
62,0.8566495360378812,False
63,0.8314569530279511,False
64,0.43351309769689167,True
65,0.5457413544932865,False
66,0.6347636001633031,False
67,0.7046547370390428,False
68,0.7181933868398702,False
69,0.7594464112848794,False
70,0.38290602374714655,True
71,0.4407950646262804,False
72,0.5336761426087352,False
73,0.5255375330944408,True
74,0.6231118585459944,False
75,0.6900327329579506,False
76,0.5196454337886368,True
77,0.6294300555028701,False
78,0.6135603349940673,True
79,0.6460488753250405,False
80,0.7637080639993127,False
81,0.8125394976082904,False
82,0.7973440175595174,False
83,0.8283241463918639,False
84,0.7279692187512105,True
85,0.726378628918974,False
86,0.49698911816954966,True
87,0.5117723563109985,True
88,0.5337105650131595,False
89,0.6323355988704531,False
90,0.6302692167495825,False
91,0.7098123372534184,False
92,0.7804823797798045,False
93,0.7989288303997398,False
94,0.7980784587767652,False
95,0.7430421839559209,True
96,0.800654172011883,False
97,0.7895435944293975,False
98,0.74606021181663,True
99,0.7701258542271388,False
100,0.8669203734632083,False
101,0.4740880833000939,True
102,0.5937948012457137,False
103,0.6142462929844755,False
104,0.689688612265094,False
105,0.6977825542573483,False
106,0.759191491920808,False
107,0.7336644782653245,False
108,0.7966712469706622,False
109,0.7053572449411722,True
110,0.7676707675267945,False
111,0.7474217694667109,False
112,0.802423952748183,False
113,0.7494427562231174,True
114,0.3731755864909338,True
115,0.4573423293481852,False
116,0.5466048054180467,False
117,0.438965910000942,True
118,0.49069860095087015,False
119,0.5413383769822292,False
120,0.6410893317676849,False
121,0.4321432230742672,True
122,0.5116707016000106,False
123,0.536432163680494,False
124,0.5876533119241271,False
125,0.6785816823942389,False
126,0.7490895845044845,False
127,0.8028555961401914,False
128,0.8892507427206259,False
129,0.892553002340506,False
130,0.20136723124970493,True
131,0.34669314824426795,False
132,0.48905869637073734,False
133,0.4254056299150042,True
134,0.5517954012078589,False
135,0.5725524755102118,False
136,0.6691991554708788,False
137,0.7389063552653404,False
138,0.7807921418320024,False
139,0.6013706271299895,True
140,0.6981129145307302,False
141,0.755709337141835,False
142,0.7058534461204649,True
143,0.7784322326957661,False
144,0.8322352458649322,False
145,0.8151385490266705,False
146,0.8549713040801861,False
147,0.9150875952528241,False
148,0.9595330298923589,False
149,0.9501358946319574,False
150,1.0220079130755366,False
151,1.0297270884279033,False
152,0.9525548098413661,True
153,0.9862170678802146,False
154,0.9844197625643258,False
155,0.9891736864217362,False
156,0.9298206872756584,False
157,0.9354269758917487,False
158,0.9171612253573911,False
159,0.9337393921955034,False
160,0.8816401569230449,False
161,0.9065823297640212,False
162,0.9451955862420288,False
163,0.9553817956760978,False
164,1.0022222207289044,False
165,1.0220389650602448,False
166,1.013563052184368,False
167,1.0302447989457337,False
168,0.9777337518964012,False
169,1.0010914254300174,False
170,1.0125929039018953,False
171,1.0115175452168388,False
172,0.879733320597484,True
173,0.9077774195150484,False
174,0.8923302165548279,False
175,0.8230364154755893,True
176,0.8816277699246845,False
177,0.920956745755754,False
178,0.9572231127742001,False
179,0.9180534312099854,False
180,0.9431525002269362,False
181,0.9178062911766085,False
182,0.945887098330493,False
183,0.9798511190272996,False
184,0.9902650332861573,False
185,1.0175723788282556,False
186,1.018104374670551,False
187,0.9236941991123431,True
188,0.8803065556749096,False
189,0.908748291284579,False
190,0.96705336475468,False
191,0.932991622991597,False
192,0.9682424720224838,False
193,0.9290639876303012,False
194,0.9703865042291482,False
195,0.9758403433232871,False
196,0.94403001048808,False
197,0.9718279239727625,False
198,0.8502358369280157,True
199,0.8922571077344615,False
200,0.8323350035560011,True
201,0.9212337148748987,False
202,0.9542989298034689,False
203,0.9699892961274686,False
204,0.9663712664331602,False
205,0.9959041561841601,False
206,0.813889331813466,True
207,0.8465155757467412,False
208,0.9413467189108964,False
209,0.9570778820209839,False
210,0.9780042797127875,False
211,1.0070252711125132,False
212,0.9466102510849197,False
213,0.9145403897854085,False
214,0.9545046303539356,False
215,0.9045220490675738,False
216,0.9538072461770346,False
217,0.8977040517180829,True
218,0.9335022754582087,False
219,0.9663001093071214,False
220,0.9942454961449235,False
221,0.9525330007028984,False
222,0.9069846245051641,False
223,0.8840240266216258,False
224,0.9301068886170947,False
225,0.8874693909734106,False
226,0.9142204998855306,False
227,0.5267768633175738,True
228,0.40454030288780063,True
229,0.5872422621842657,False
230,0.6962586863041184,False
231,0.7845763754800703,False
232,0.8011212365124977,False
233,0.865307681878773,False
234,0.8937877713392419,False
235,0.7984898640732906,True
236,0.8575605951298849,False
237,0.8583616699669241,False
238,0.9141833002088143,False
239,0.8633482213790296,True
240,0.6258984723873797,True
241,0.6666629986517189,False
242,0.7382817344966758,False
243,0.8091861034214413,False
244,0.7630372327428496,True
245,0.8509615282802905,False
246,0.8723988315588836,False
247,0.8752199086602036,False
248,0.4904875619142575,True
249,0.5982105175110733,False
250,0.7018641777231203,False
251,0.05994695543885082,True
252,0.2416534892216314,False
253,0.2378012502483098,True
254,0.40172078674893374,False
255,0.5347658731258866,False
256,0.5749475751315264,False
257,0.6582906969744418,False
258,0.7505956854267096,False
259,0.7939016930325449,False
260,0.7587802214328124,True
261,0.7992332023171275,False
262,0.8590535630451865,False
263,0.8481832497684292,False
264,0.9074806150235891,False
265,0.9064356458078685,False
266,0.9077887484172051,False
267,0.9144625383471444,False
268,0.9017575713016712,False
269,0.938965332462166,False
270,0.982432314485582,False
271,1.0278613929036542,False
272,1.06314110968029,False
273,1.0750986971838459,False
274,1.074801593101169,False
275,1.0836395561596155,False
276,1.0735450208986528,False
277,1.0756350158810384,False
278,1.0518703558129534,False
279,1.0554525441520064,False
280,1.0648574429320723,False
281,1.003438754445735,False
282,1.0016268784359235,False
283,0.9740194722492524,False
284,1.0305870645896313,False
285,1.0372772138234363,False
286,0.9590981660169716,True
287,1.0338446930126437,False
288,1.0587022370773889,False
289,0.3539830778004,True
290,0.47575907391079764,False
291,0.6039873774649338,False
292,0.7166280142166436,False
293,0.7529324543852551,False
294,0.8483690446340458,False
295,0.910277953509553,False
296,0.8929724992134975,False
297,0.920888759762311,False
298,0.9075092587304532,False
299,0.5296412415873578,True
300,0.542411674684027,True
301,0.5794412841280833,False
302,0.6461054267310703,False
303,0.7391456207798428,False
304,0.8281829003850687,False
305,0.8878029209125476,False
306,0.8608130775767165,False
307,0.9241463775957669,False
308,0.9510810028020547,False
309,0.9963601222640603,False
310,0.890417964912346,True
311,0.6560578353546593,True
312,0.6067038525396437,True
313,0.4792979986159259,True
314,0.406664951260945,True
315,0.5052346627878234,False
316,0.6106497423068471,False
317,0.7154727400433616,False
318,0.7971109897050046,False
319,0.7686913391594469,True
320,0.8514626860118348,False
321,0.9149885887705494,False
322,0.900519998854399,False
323,0.8898109972654592,False
324,0.8682404265060352,False
325,0.8505034323723556,False
326,0.8995252123403996,False
327,0.959964233486387,False
328,0.8297366656807069,True
329,0.8802023961484879,False
330,0.941436555974659,False
331,0.5538673803881912,True
332,0.6672695416501223,False
333,0.8126918043073038,False
334,0.9283422241670265,False
335,0.9655336893205781,False
336,1.0107423582404884,False
337,1.0565565947052,False
338,1.0842285578474655,False
339,1.1014867891486604,False
340,1.1269706516332638,False
341,1.1309251028096623,False
342,1.1364284941315947,False
343,1.0557405896391927,True
344,1.095466899243218,False
345,1.1174163366347747,False
346,1.1294362443378638,False
347,1.0916517099856216,False
348,1.1207465633856892,False
349,1.0610879720930473,False
350,1.0217479335702098,False
351,0.9449626375380152,True
352,0.9294838375290518,False
353,0.9831862219752038,False
354,0.9919086666227709,False
355,1.0175596389554014,False
356,1.019722747109854,False
357,1.0071816027258238,False
358,1.022920563860895,False
359,1.0023230826378882,False
360,1.042164793915637,False
361,1.016267337857113,False
362,1.0482182921453291,False
363,1.0753504411722326,False
364,1.0128553633777615,True
365,0.8146574122926541,True
366,0.8825979894933719,False
367,0.9201302295349759,False
368,1.0189401864692749,False
369,0.8507304520360744,True
370,0.630120260156964,True
371,0.6618171265315019,False
372,0.7766681004041933,False
373,0.8634392687861902,False
374,0.8784191940234545,False
375,0.8814213530331898,False
376,0.8520240271379667,True
377,0.9277239389296952,False
378,0.9176245121385511,False
379,0.9706079224076872,False
380,0.9620962722120718,False
381,1.0088274473697094,False
382,0.9082817243825212,True
383,0.9565718149832746,False
384,0.9049888457779183,True
385,0.8986596766337123,False
386,0.943635545487339,False
387,0.9753846450636365,False
388,1.007968159170938,False
389,1.0154274310737001,False
390,1.0071879961381474,False
391,0.9819728356044539,False
392,1.0184003945765012,False
393,1.0088553399107663,False
394,1.0859266525039397,False
395,1.0816412057595424,False
396,1.0295307345295261,False
397,1.0611208439909983,False
398,1.075811646680857,False
399,0.9966045570234933,True
400,1.0075779996473015,False
401,1.0666741008148068,False
402,1.0335081538214683,False
403,0.9958067258695686,False
404,1.041573989600868,False
405,1.0789618324047912,False
406,1.1047851803743898,False
407,1.1260981039781,False
408,1.1929166673137734,False
409,1.0899179557144805,True
410,1.0720883217835704,False
411,1.01503406757264,True
412,1.0493702570482248,False
413,1.0846995912747492,False
414,1.1066632519724144,False
415,1.1325042984300628,False
416,1.1379316263405452,False
417,1.159536569057286,False
418,1.1428464891679573,False
419,1.0954114829993868,False
420,1.1352983906524179,False
421,1.1625003460148446,False
422,1.1376099740331957,False
423,1.1531807453269276,False
424,1.1723798572843571,False
425,1.187649866788778,False
426,1.1760468764728051,False
427,0.7539727184101421,True
428,0.12115560295297648,True
429,0.3193301343858285,False
430,0.4956382037580365,False
431,0.6183282292780363,False
432,0.7189897984224954,False
433,0.8249840501256461,False
434,0.8466418211780146,False
435,0.7743523723181669,True
436,0.8694727102997588,False
437,0.9346495810654947,False
438,0.9696823064269661,False
439,0.9753808227552299,False
440,0.9252670878379934,True
441,0.9872821359592769,False
442,1.0391877601872195,False
443,1.0647728576559743,False
444,1.1213293721201574,False
445,1.154798388096205,False
446,1.0000422715528754,True
447,0.966458110275636,False
448,0.5932367603615727,True
449,0.7216926301157633,False
450,0.8005528741985685,False
451,0.8795652968526597,False
452,0.9465209788564618,False
453,0.9239285404552128,False
454,0.9093448456066818,False
455,0.9181403755288076,False
456,0.9850320924180203,False
457,0.9620201617698011,False
458,0.9305784975464554,True
459,0.9862452924183853,False
460,1.0235695196769354,False
461,0.987336212861836,False
462,1.0431524959237564,False
463,1.0375502956888993,False
464,1.0760632726465669,False
465,1.0896927138878236,False
466,1.1084175314583067,False
467,1.1396216229313816,False
468,1.1745673388881914,False
469,1.1848358373432326,False
470,1.2063129011533298,False
471,1.1936456660294443,False
472,1.2152187601938613,False
473,1.1457863584042818,False
474,1.1651472367889115,False
475,1.082857398787121,True
476,1.111643279263689,False
477,0.9063180742736531,True
478,0.9876973791465565,False
479,1.043867688176575,False
480,0.978809130818801,True
481,0.9565055839261936,False
482,0.9236999798061263,True
483,0.9767129299116992,False
484,0.9876616106266826,False
485,1.04406812934424,False
486,0.91410334024287,True
487,0.9346407971341343,False
488,0.9932182451921122,False
489,0.9826285102421392,False
490,0.9273504904996193,True
491,1.0294898033137811,False
492,1.0778165822913812,False
493,1.1224634824952504,False
494,1.1731609304053363,False
495,1.1935528683709444,False
496,1.2144295126991478,False
497,1.0867978979312483,True
498,1.170045485213258,False
499,0.902505488485782,True
500,0.24918977589296148,True
501,0.3773971709042099,False
502,0.5650787699010128,False
503,0.6224598847478751,False
504,0.5425595005540497,True
505,0.649533744979722,False
506,0.7362392969113767,False
507,0.7752952815524358,False
508,0.8559093587134684,False
509,0.8795161218682321,False
510,0.9503333827484863,False
511,0.995955026299935,False
512,1.040989862587787,False
513,1.0893487684413354,False
514,1.0261256739390023,True
515,1.073334110976136,False
516,1.1216876154557647,False
517,1.1332559243167457,False
518,1.1030169107581744,False
519,1.1222003477260114,False
520,1.1631841729017058,False
521,1.2320422717327777,False
522,1.2371947282915714,False
523,1.2309232838853141,False
524,1.1617969838661266,False
525,1.189417523610617,False
526,0.7751077010299902,True
527,0.8222240833388542,False
528,0.8809519763181731,False
529,0.9110089121308174,False
530,0.9182562145588995,False
531,0.9683927766748478,False
532,1.0278242098857004,False
533,1.075748580840395,False
534,1.1166607426759807,False
535,1.15367878679169,False
536,0.7542180710238011,True
537,0.8434373229273241,False
538,0.9306582263131199,False
539,0.9767610493348673,False
540,0.8907198628127888,True
541,0.9032071542845729,False
542,0.9696596227057369,False
543,0.993495535009561,False
544,0.995474287657586,False
545,0.9990648595377583,False
546,1.025683659816086,False
547,1.0318356865686422,False
548,1.1202234347055922,False
549,1.1543109681410528,False
550,1.189631828821196,False
551,1.2335688954139095,False
552,1.140234409423208,True
553,1.1769813304833372,False
554,1.2063685965469415,False
555,1.2349497565477041,False
556,1.2353671426899477,False
557,1.01489009350238,True
558,1.0779105492012244,False
559,1.0916367772856157,False
560,1.1351265660475005,False
561,1.1633795392437594,False
562,1.1108930935697032,False
563,1.1566844992044796,False
564,1.094499519722908,True
565,1.096896586684914,False
566,1.1142316321992378,False
567,1.128469901357634,False
568,1.063040975227777,True
569,1.0454543547838293,False
570,1.033113806267328,False
571,1.0320082021792385,False
572,1.0413391523827908,False
573,1.0898859249504131,False
574,1.0765226882277723,False
575,0.9493172090280521,True
576,0.9416948685113079,False
577,0.996737974671626,False
578,1.0400607133353907,False
579,0.9828424502097637,True
580,0.8426946069458799,True
581,0.9118393043860297,False
582,0.5551454776358267,True
583,0.6898484233279742,False
584,0.7442228714596129,False
585,0.8065255590344967,False
586,0.8386179842830339,False
587,0.9324886006621683,False
588,0.8670503978127686,True
589,0.9507183732144452,False
590,0.5947549006787511,True
591,0.7017608020494578,False
592,0.8075288533255759,False
593,0.8186681849944638,True
594,0.9084042208986006,False
595,0.9557095279546065,False
596,0.9250717152123659,True
597,1.0133396351687782,False
598,1.0761298819215073,False
599,0.9773554506948661,True
600,0.9804283435842449,False
601,1.0447949752611236,False
602,1.112784749429829,False
603,1.1514380296496964,False
604,1.1263601335610316,False
605,0.44172801883575036,True
606,0.3219709059237407,True
607,0.5072460195552998,False
608,0.6668854440162024,False
609,0.7124124722441806,False
610,0.8169916626924215,False
611,0.838471993052638,False
612,0.9801996955230241,False
613,1.051413325558622,False
614,1.073639516869393,False
615,1.102992633100355,False
616,1.1457548136436513,False
617,1.1690573859416098,False
618,1.219937113233158,False
619,1.1862713881095055,False
620,1.2099768058004396,False
621,1.1613041434514353,False
622,1.1481500859295792,False
623,1.1867516715998758,False
624,1.1380183061476443,False
625,1.1716141544838967,False
626,1.2067392731922073,False
627,1.216670556013243,False
628,1.2214900792599808,False
629,1.2536973930859832,False
630,1.2746157205929076,False
631,1.238344023335482,False
632,1.2535181039775396,False
633,1.3165454945034973,False
634,1.3079712985136276,False
635,1.3075769504203232,False
636,1.3190415607424129,False
637,1.3262676882040316,False
638,1.3103075523739494,False
639,1.2972009037256351,False
640,1.2161651614507036,True
641,1.1632764633431962,False
642,1.1428951675883696,False
643,1.1849186044992812,False
644,1.0699050241749826,True
645,0.950885593588077,True
646,1.0489085075538862,False
647,1.1436933435038428,False
648,0.749954476744242,True
649,0.7541729704965553,True
650,0.8029496753902684,False
651,0.8936186608305691,False
652,0.9843383480398785,False
653,1.0494766245247433,False
654,1.0759297394490492,False
655,1.141391933333876,False
656,1.1195912946605289,False
657,1.1013625669784,False
658,1.100092273008463,False
659,1.1675827198970554,False
660,1.1576999526018406,False
661,1.095300090901032,True
662,1.0805523707246292,False
663,0.7072635522994657,True
664,0.8177424217952239,False
665,0.8203073614501225,True
666,0.9265541312012827,False
667,1.0117475815643036,False
668,0.9979882407016611,False
669,1.064885756516141,False
670,0.3980468952346078,True
671,0.5342655181417751,False
672,0.6778175332290256,False
673,0.8057993795778142,False
674,0.909063959332965,False
675,0.8566869307874135,True
676,0.9615710374619221,False
677,1.0863586602561282,False
678,1.053509581086243,True
679,1.1104665636449471,False
680,1.1654274688119284,False
681,1.1992577866856653,False
682,1.1781011061821647,False
683,1.2003479949742886,False
684,1.2169475674693955,False
685,1.2462642249205638,False
686,1.2803125505603772,False
687,1.275240269235262,False
688,1.298065189907744,False
689,1.2958241815338942,False
690,1.2815349467427892,False
691,1.3047207365725546,False
692,1.2866111630777026,False
693,1.3178823523148464,False
694,1.37458579430724,False
695,1.3834353658522631,False
696,1.326152171840957,False
697,1.330897244082046,False
698,1.33105081931573,False
699,1.3248510044155157,False
700,1.1014277908778138,True
701,1.1573811932423588,False
702,1.1229293994543956,False
703,1.173166598181849,False
704,1.2067087846510787,False
705,1.2204574150653102,False
706,1.1443995310425537,True
707,1.187900869820993,False
708,1.1449073576396942,False
709,1.142759058482823,False
710,1.1120821175249451,False
711,1.089992228473095,False
712,1.141273362562972,False
713,1.1571676509057351,False
714,0.9130781743431586,True
715,1.0057767341106243,False
716,1.0721424083907318,False
717,1.1087709612817522,False
718,1.1232485882709715,False
719,1.1821685994276525,False
720,1.1775698173071676,False
721,1.2202607086238058,False
722,1.0491692548798446,True
723,1.120776004242386,False
724,1.107270643612854,False
725,1.1528948253760187,False
726,1.200004507331547,False
727,1.1772830406013415,False
728,1.2065212747298566,False
729,1.2360492940654588,False
730,0.8325967568785237,True
731,0.9471870633653598,False
732,0.7976107973868849,True
733,0.8191136602573819,True
734,0.9297046154597297,False
735,0.9377526139931706,False
736,0.7369838420568305,True
737,0.8498708596453338,False
738,0.9906563195785002,False
739,1.0111349086356418,False
740,1.0915887853370339,False
741,1.1976899230098652,False
742,1.2418056888255014,False
743,1.2221130298383498,False
744,1.1778257623155108,False
745,1.2240706765220164,False
746,1.2522812842188784,False
747,1.2042024954494888,False
748,1.2224423086292395,False
749,1.279133055851346,False
750,1.2713554595837195,False
751,1.3050173676697001,False
752,1.261360997686788,False
753,1.2858062174025195,False
754,1.2856972477161281,False
755,1.254725920804602,False
756,1.2277700255420991,False
757,1.2757948348037127,False
758,1.3044701337609468,False
759,1.3321996955901985,False
760,1.2400400363620743,True
761,1.207455935689479,False
762,1.1983478528771505,False
763,1.2423565487072505,False
764,1.2535115731824225,False
765,1.2449923974823505,False
766,1.2862542313324665,False
767,1.308234616946936,False
768,1.3294580087504135,False
769,1.3426813221892182,False
770,1.3557411926161316,False
771,1.290465007899409,False
772,1.312278718681662,False
773,1.2878666533690872,False
774,1.3065466442988898,False
775,1.3248810792477803,False
776,1.3472695851813579,False
777,1.2138326604422096,True
778,1.2468864172584908,False
779,1.2662502708011063,False
780,1.229932939406616,False
781,1.242382340791925,False
782,1.270582419074504,False
783,1.0952873278820696,True
784,1.1401776035887938,False
785,1.1609873520597678,False
786,1.1362432501031052,False
787,1.1306536052713596,False
788,1.2039075264550108,False
789,1.231868597127066,False
790,1.280077640342477,False
791,1.3522550211176236,False
792,1.3684906665443446,False
793,1.2694261931965363,True
794,1.3018868066068803,False
795,1.3169233432829563,False
796,1.2914125966468122,False
797,1.2301972023398755,True
798,0.5434796138148574,True
799,0.6086979177446656,True
800,0.7162584439497717,False
801,0.7857167503040057,False
802,0.9099614392189419,False
803,0.8685693313423567,True
804,0.9606922206612823,False
805,1.0444899560960057,False
806,1.101583437015066,False
807,1.100227378048762,False
808,1.142130803199532,False
809,1.0244445633828723,True
810,1.1037616389820946,False
811,0.7394283997445239,True
812,0.789697281409666,False
813,0.8108446695731221,True
814,0.8978592055267404,False
815,0.9843788368005981,False
816,1.052308684755218,False
817,1.127277239565486,False
818,1.1764349000357737,False
819,1.1960176318682225,False
820,1.0382744754079514,True
821,1.0636435356315794,False
822,1.1440319174582092,False
823,1.121344439352236,False
824,1.176823892971996,False
825,1.1805598121309124,False
826,1.2418810618807608,False
827,1.262431350273957,False
828,1.298769216162879,False
829,1.3341422184731007,False
830,1.307298750308026,False
831,1.3306135182995955,False
832,1.2927129117690985,False
833,1.3131099838622153,False
834,1.3217057966413261,False
835,1.346356280255165,False
836,1.410249340423255,False
837,1.3369538533592835,False
838,1.3615012989110562,False
839,1.3141500232032541,False
840,1.1051238855471912,True
841,1.1721344565334975,False
842,0.936556645453217,True
843,0.9591354629055209,False
844,0.9745150127595616,False
845,1.0581797003690452,False
846,1.067232878881678,False
847,1.0930000022317103,False
848,1.163090552374466,False
849,1.2229919686258628,False
850,1.2514557292475033,False
851,1.2243421036414168,False
852,1.120747911060456,True
853,1.106913291697904,False
854,1.1490781784263397,False
855,1.2005556677853804,False
856,1.1476044934984582,True
857,1.2532495870202616,False
858,1.2931804040905888,False
859,1.1848281868717856,True
860,1.155646377141566,False
861,1.1819624281221195,False
862,1.2206396619109354,False
863,1.2875685804647827,False
864,1.3381894310597924,False
865,1.3604790484138285,False
866,1.369898182322993,False
867,1.3939238949360826,False
868,1.3420515069682373,False
869,1.3327176054706282,False
870,1.351416968219503,False
871,1.3586892207328145,False
872,1.3573549269804583,False
873,1.3804348475354944,False
874,1.3400191961694574,False
875,1.4004818540940696,False
876,1.3211167624643867,True
877,1.3426626004165518,False
878,1.345977122302319,False
879,1.268161338443853,True
880,1.1328341262745714,True
881,1.1825002063128431,False
882,1.1817688649698346,False
883,1.2147401117494359,False
884,1.2700307094767935,False
885,0.8736288315707653,True
886,0.9885130058999364,False
887,1.0467309279599124,False
888,1.114399376060008,False
889,1.0945717193967204,True
890,1.1212298880511034,False
891,1.0799927914248413,True
892,1.158512033987967,False
893,1.212203638086679,False
894,1.2453783669779042,False
895,1.285312792474703,False
896,1.2908862437096082,False
897,1.2155365814630406,True
898,1.2256202418514304,False
899,1.270630377483855,False
900,1.3228819814035224,False
901,1.3284038103382865,False
902,1.3595462465232382,False
903,0.9549935266345592,True
904,1.050994860187566,False
905,1.1279747312593862,False
906,1.1369497410801803,False
907,1.2047216195327293,False
908,0.5324690960807889,True
909,0.7189128121077304,False
910,0.7989704689807142,False
911,0.9491788896184337,False
912,1.0373646967524564,False
913,1.1246712518586084,False
914,0.9042580389876868,True
915,1.016186397513178,False
916,1.0946258196832255,False
917,1.1659763766405529,False
918,1.202570454655485,False
919,1.1988482889553531,False
920,1.1724702150537591,False
921,1.2394612673868937,False
922,1.272852885059357,False
923,1.1662714891793684,True
924,1.161453480036723,False
925,1.1157492578918609,True
926,1.1774050662105795,False
927,1.1349235822833934,True
928,1.184221587641624,False
929,1.238445558066497,False
930,1.2906327257858314,False
931,1.2184289148607812,True
932,1.2690097993495368,False
933,1.3046660332306232,False
934,1.2629208313413902,False
935,1.3197926925191406,False
936,1.3468236372005484,False
937,1.3755163640954686,False
938,1.3171820625976598,False
939,1.2909415236222574,False
940,1.1899146385465762,True
941,1.2450959313464958,False
942,1.2360231779141266,False
943,1.2822653008524962,False
944,0.5986339987972232,True
945,0.7539819989906502,False
946,0.8394502409530502,False
947,0.9313317912258512,False
948,1.0171855401442376,False
949,1.0867915574820535,False
950,1.211912992022699,False
951,1.2024295834514815,False
952,1.2531463797544928,False
953,1.2839019028435277,False
954,1.2333637786682277,True
955,1.2933086646961338,False
956,1.3027301867598997,False
957,1.3523405139109153,False
958,1.3485194030473375,False
959,1.357897814360383,False
960,1.379687557232111,False
961,1.199519201289188,True
962,1.2066627723604515,False
963,0.8361659842495754,True
964,1.0069296519047632,False
965,1.000414259953674,True
966,1.0907914795614886,False
967,1.206170207889451,False
968,1.215237932063852,False
969,1.226210877926863,False
970,1.2486769434916136,False
971,1.3053096147606031,False
972,1.1711448725398093,True
973,1.2183866007049167,False
974,1.2102298890918637,False
975,1.273596838756939,False
976,1.3218113499209048,False
977,1.3342476387692555,False
978,1.1333830756992673,True
979,1.1584524526464601,False
980,1.219192035998412,False
981,1.2770029744610774,False
982,1.3066529827655329,False
983,1.3487073108090124,False
984,1.3823006240842834,False
985,1.4088528280458128,False
986,1.3640193595511856,False
987,1.3139761797167793,False
988,1.349071392997613,False
989,1.3669250726919435,False
990,1.4035950808486852,False
991,1.3863757542541728,False
992,1.413333217213408,False
993,1.3864798577392188,False
994,1.4146306854444646,False
995,1.0005390392371263,True
996,1.021391325181034,False
997,1.1204534193038131,False
998,1.1217051050616433,False
999,1.1321276826557114,False
1000,1.2234879766097029,False
1001,1.1927955128448606,True
1002,0.9670066543455321,True
1003,1.0896535480558553,False
1004,1.161703247850565,False
1005,1.2517763959962989,False
1006,1.2399398037678702,False
1007,1.2956976267458356,False
1008,1.1995315468911736,True
1009,1.2434745311011646,False
1010,1.2996913578208669,False
1011,1.2777103209985763,False
1012,1.2939062459005564,False
1013,1.2607917571184677,False
1014,1.29451078897158,False
1015,1.333630938373643,False
1016,1.3236856650745894,False
1017,1.3303837660764417,False
1018,1.3693467926675005,False
1019,1.3426270240566363,False
1020,1.3858873056828611,False
1021,1.409841493942213,False
1022,1.4195178623445819,False
1023,1.4473780819401572,False
1024,1.362860812352948,True
1025,1.3713065805457754,False
1026,1.40458399061731,False
1027,1.348366156213268,False
1028,1.2362299812072093,True
1029,1.2599152284785489,False
1030,0.8848065410287138,True
1031,0.9432054964551694,False
1032,1.0537140830059548,False
1033,1.1232792710437989,False
1034,1.2032151871781875,False
1035,1.252436932347616,False
1036,1.3508563447743491,False
1037,1.284873356329126,True
1038,1.326729342804494,False
1039,1.306974002505543,False
1040,1.3642232731236532,False
1041,1.399563929484732,False
1042,1.3959677626704996,False
1043,1.372769627956048,False
1044,1.356598154295868,False
1045,1.3849678597981037,False
1046,1.4513725483029705,False
1047,1.4140398493994044,False
1048,1.3939188021726436,False
1049,1.4164170672991117,False
1050,1.4316925655218342,False
1051,1.3786481922453309,False
1052,1.3709187079148974,False
1053,1.3896859744750794,False
1054,1.3272167605091552,True
1055,1.3733792871903456,False
1056,1.4026245238100972,False
1057,1.3641825410255228,False
1058,1.405909855298842,False
1059,1.4203011260380751,False
1060,1.3341190491694033,True
1061,1.2669494179308198,True
1062,1.3174123814545118,False
1063,1.3580304899908628,False
1064,1.1593678716556814,True
1065,1.2126461476109303,False
1066,1.2702594057196421,False
1067,1.2993741983737108,False
1068,1.355834000455653,False
1069,1.327399302638191,False
1070,1.3131629394932314,False
1071,1.3558953111564855,False
1072,1.3767233386052529,False
1073,1.4143939514920962,False
1074,1.4877428810959223,False
1075,1.4232081935588439,False
1076,1.4512053490284036,False
1077,1.4787512171260797,False
1078,1.4121914780367257,False
1079,1.4180072174607468,False
1080,0.7196993773856822,True
1081,0.7897607588782636,True
1082,0.8549484345384221,False
1083,0.9404083654881819,False
1084,1.0412274794555174,False
1085,0.7043844539120873,True
1086,0.6610367660643328,True
1087,0.8236623218458176,False
1088,0.9737654643877567,False
1089,1.087298422717053,False
1090,1.0035116957065562,True
1091,1.1114363144508725,False
1092,1.197020256725249,False
1093,1.2687749299418205,False
1094,1.300548794586937,False
1095,1.332373252650667,False
1096,1.3434432171815114,False
1097,1.3787843592642886,False
1098,1.420319139717322,False
1099,1.0135527381641372,True
1100,1.0936621121112051,False
1101,1.1435223459555457,False
1102,1.0834500349442737,True
1103,1.1606334502378608,False
1104,1.23062457075433,False
1105,1.1927072653904132,True
1106,1.0904754855766383,True
1107,1.0997948732824638,False
1108,1.0874085198466819,True
1109,1.1813233049522438,False
1110,1.1895584784523314,False
1111,1.2693687719757585,False
1112,1.3236868104904636,False
1113,1.3551326045489023,False
1114,1.3217198400956882,False
1115,1.3366948026959897,False
1116,1.3367082545278162,False
1117,1.377664848316148,False
1118,1.3835997658467032,False
1119,1.3120404228047633,True
1120,1.2958776570487813,False
1121,1.060312903989409,True
1122,1.0798309393145158,False
1123,1.1672386759175517,False
1124,1.2343826923379564,False
1125,1.211675447209669,True
1126,1.266426284311515,False
1127,1.3162373976287067,False
1128,1.3644734576406923,False
1129,1.402516570677764,False
1130,1.482901532155631,False
1131,1.4848818218218813,False
1132,1.4725241801587188,False
1133,1.5295257800426239,False
1134,1.5361959602140178,False
1135,1.4900265017271745,False
1136,1.5011511505762143,False
1137,1.4564233194124812,False
1138,1.0530528028804,True
1139,1.0872536905633288,False
1140,1.1876966016278354,False
1141,1.2568980641621668,False
1142,1.2374095648162788,False
1143,1.210779362171096,True
1144,1.234482478203453,False
1145,1.305391447190518,False
1146,1.336703859099399,False
1147,1.3667406167772083,False
1148,1.4107670299785784,False
1149,1.445968105786086,False
1150,1.4941520778085966,False
1151,1.4327266961241016,False
1152,1.411282739557761,False
1153,1.441221045529569,False
1154,1.44876732179361,False
1155,1.5196846715795045,False
1156,1.5204996968463218,False
1157,1.5411352144734514,False
1158,1.5593976901731652,False
1159,1.5768269345746226,False
1160,1.5972390540021912,False
1161,1.3920563889776663,True
1162,1.4083394417144621,False
1163,1.446081304515645,False
1164,1.4600277608446737,False
1165,0.7606441071843817,True
1166,0.8399508516156318,False
1167,0.9180701884616618,False
1168,0.9810088825995876,False
1169,1.0982652372814292,False
1170,1.1960539439665407,False
1171,1.2718748751152344,False
1172,1.2847569764343376,False
1173,1.3566435201033413,False
1174,1.1670700744799716,True
1175,1.100644883094541,True
1176,1.1470687672046433,False
1177,1.174573648214265,False
1178,1.1440349304730608,True
1179,1.2313900113982268,False
1180,1.2440668162061952,False
1181,1.3121290502525698,False
1182,1.3605820260311097,False
1183,1.408345510990005,False
1184,1.4394129575704,False
1185,1.474333467917127,False
1186,1.481479701408901,False
1187,1.5106457584253152,False
1188,1.5220239235451238,False
1189,1.4565332716866637,False
1190,1.195998672968694,True
1191,1.2514492297336677,False
1192,1.2074883513553878,True
1193,1.2841916496849701,False
1194,1.3408440494526084,False
1195,1.4376812105735817,False
1196,1.4539850407348258,False
1197,1.4916464395997437,False
1198,1.5009386850169608,False
1199,1.5120430805796565,False
1200,1.5318912987086128,False
1201,1.5450071131923804,False
1202,1.5586470949753712,False
1203,1.5465702950773375,False
1204,1.56110600709441,False
1205,1.5562446066344657,False
1206,1.5062686499883233,False
1207,1.493057386133741,False
1208,1.512674642508266,False
1209,1.5425696366048303,False
1210,1.5250265494405744,False
1211,1.4941367665274516,False
1212,1.424246735974385,True
1213,1.3579548857199764,True
1214,1.389379863152523,False
1215,1.444539677809153,False
1216,1.2720758940114163,True
1217,1.330363494025127,False
1218,1.2827547996991144,True
1219,1.257751712842223,True
1220,1.278099816119766,False
1221,1.2847853603200279,False
1222,0.9198019110464244,True
1223,1.0479428801263821,False
1224,1.106629939616795,False
1225,1.147779600961868,False
1226,1.1706241095726397,False
1227,1.1736038906035884,False
1228,1.265106096666289,False
1229,1.3137349088078176,False
1230,1.293987970280082,False
1231,1.2078176306055148,True
1232,1.306795672483383,False
1233,1.1309278888680612,True
1234,0.49864173506491244,True
1235,0.6439094225213611,False
1236,0.8302279680881222,False
1237,0.9840363003594501,False
1238,1.0905986592316756,False
1239,1.1400924289401257,False
1240,1.0580411657408115,True
1241,1.1334293174114278,False
1242,1.1617119168254484,False
1243,1.285533442647647,False
1244,1.3434051310485524,False
1245,1.3392871809035578,False
1246,1.3542491818640108,False
1247,1.3281318006131482,False
1248,1.3100570142690209,False
1249,1.3374899013205024,False
1250,1.3952490961449762,False
1251,1.441819191183777,False
1252,1.4324904356328005,False
1253,1.4060308857341774,False
1254,1.3405813305761376,True
1255,1.412785636314646,False
1256,1.4473857952249936,False
1257,1.4785196158388192,False
1258,1.4835358284386064,False
1259,1.4911710832295948,False
1260,1.5183584031468706,False
1261,1.5331535568856773,False
1262,1.5594451582432518,False
1263,1.5702481566318864,False
1264,1.5722169431175768,False
1265,1.5848900852647991,False
1266,1.5800072144655717,False
1267,1.5664193144985668,False
1268,1.514179747547399,False
1269,1.5401074370168215,False
1270,1.565203989968876,False
1271,1.4386777167809863,True
1272,1.5202240090310122,False
1273,1.107852176067348,True
1274,1.1281400610946988,False
1275,1.2708298336612043,False
1276,1.2762244561188034,False
1277,1.357456016102763,False
1278,1.4318036206189506,False
1279,1.4504598141298346,False
1280,1.4806644138421994,False
1281,1.4638494372137263,False
1282,1.5018331790512,False
1283,1.1007571674909324,True
1284,1.1211568326756642,False
1285,1.1641419084430589,False
1286,1.2300343045699893,False
1287,1.2950791222174394,False
1288,1.2859621410317774,False
1289,1.3376610286026465,False
1290,1.3961828267222127,False
1291,1.3827147796464816,False
1292,1.4140152599907931,False
1293,1.4509299150026438,False
1294,1.4099049467208464,False
1295,1.451044237958938,False
1296,1.4849641359751782,False
1297,1.3678622750895357,True
1298,1.4062732622722935,False
1299,1.4068495184577645,False
1300,1.3953729034300248,False
1301,1.385370579344391,False
1302,1.4418590484921994,False
1303,1.4706804910127882,False
1304,1.5029088466207372,False
1305,1.2955262357784794,True
1306,1.3530882538899693,False
1307,1.3696740252373645,False
1308,1.4230011574586898,False
1309,1.5101785750663799,False
1310,1.530577968368789,False
1311,1.5208416498053543,False
1312,1.52389825382324,False
1313,1.549652783846178,False
1314,1.538513653763833,False
1315,1.562713613775848,False
1316,1.5871344090276658,False
1317,1.518695931225415,False
1318,1.580576943642826,False
1319,1.570521480339989,False
1320,1.57202129121994,False
1321,1.5938125521239468,False
1322,1.6131461355967347,False
1323,1.5567990390329196,False
1324,1.4021968890288294,True
1325,1.4674708571126525,False
1326,1.4966700107277664,False
1327,1.5130422079273111,False
1328,1.3358681230695086,True
1329,1.3304553677412532,False
1330,1.341111869001416,False
1331,1.3836215850739841,False
1332,1.444125624170458,False
1333,1.3924232944774566,True
1334,1.3321145408374118,True
1335,1.3961555003066621,False
1336,1.3440811940382007,True
1337,1.4065965711822492,False
1338,1.423113591309726,False
1339,1.4792311591438676,False
1340,0.7890136317858234,True
1341,0.9058320824479497,False
1342,0.9997681608071312,False
1343,1.0167060605140703,True
1344,1.0730426910669761,False
1345,1.1815951394627873,False
1346,1.1713865943374655,True
1347,1.124246503565371,True
1348,1.204588799356397,False
1349,1.2257811240906475,False
1350,1.2212033212033644,True
1351,1.309174545591825,False
1352,0.9421508771671195,True
1353,1.0749444319582122,False
1354,1.1796325326083872,False
1355,1.2387574550518128,False
1356,1.315809958831919,False
1357,1.3852222643024197,False
1358,1.1504241888093656,True
1359,1.250541606074388,False
1360,1.250326999736407,False
1361,1.3235028100362183,False
1362,1.3724934083631681,False
1363,1.3515535462487984,False
1364,1.4136397545643316,False
1365,1.464252612462657,False
1366,1.4563533188703184,False
1367,1.4977317837900022,False
1368,1.5247346888859283,False
1369,1.5515485955363675,False
1370,1.5238517846454929,False
1371,1.5210108012668933,False
1372,1.5195174436591854,False
1373,1.4836418712041175,False
1374,0.7953145069283449,True
1375,0.9682666523547377,False
1376,1.0989182965813733,False
1377,1.1837477148138993,False
1378,1.2828567930448667,False
1379,1.3685777736924924,False
1380,1.4287565503451538,False
1381,1.42097492488506,False
1382,1.3296645243624894,True
1383,1.1071539433809257,True
1384,1.1132070163078074,True
1385,1.2642043042026052,False
1386,1.3371838450504616,False
1387,1.387903561046887,False
1388,1.3857130631106986,False
1389,1.4462511658711936,False
1390,1.4937989861685337,False
1391,1.4518070475119276,False
1392,1.4894128205264776,False
1393,1.4182686747067932,True
1394,1.469874022314247,False
1395,1.5571342410593634,False
1396,1.5900053175256292,False
1397,1.520521982352104,True
1398,1.4723194142606124,False
1399,1.3649774364390606,True
1400,1.4128353053455511,False
1401,1.43178670463592,False
1402,1.3876810292657649,True
1403,1.4339250023698462,False
1404,1.4750931223550097,False
1405,1.5088241471798745,False
1406,1.5467894525821293,False
1407,1.513348359299589,False
1408,1.5488633595961487,False
1409,1.5270231255184976,False
1410,1.4471403295858913,True
1411,1.4711842358657456,False
1412,1.4314438445206883,False
1413,1.2759322085550036,True
1414,0.9196072671581806,True
1415,1.0655995780350371,False
1416,1.1653657748775015,False
1417,1.2197086463356213,False
1418,1.310401124541603,False
1419,1.3733664951810753,False
1420,1.386777685763544,False
1421,1.4407057853066878,False
1422,1.4911126336866851,False
1423,1.5659001917468058,False
1424,1.524701984848762,False
1425,1.4558448764842151,True
1426,1.4681597102179127,False
1427,1.4542919357752637,False
1428,1.4252949816801634,False
1429,1.4592836132680482,False
1430,1.4647619271981889,False
1431,1.4920624702186132,False
1432,1.1035382444166246,True
1433,1.2223652614846878,False
1434,1.2879422427877218,False
1435,1.2840604561743394,False
1436,1.3835653552513973,False
1437,1.4459566996794082,False
1438,1.4961759608576604,False
1439,1.2997064663732862,True
1440,1.368332844586465,False
1441,1.3536886923953881,False
1442,1.4159293452895834,False
1443,1.448380588986996,False
1444,1.4934115122381983,False
1445,1.5503965861773816,False
1446,1.5587572657987083,False
1447,1.5990974813542802,False
1448,1.555143603463494,False
1449,1.568893703898107,False
1450,1.5301130022548326,False
1451,1.5707783610585047,False
1452,1.5302237846360707,False
1453,1.5476581401560636,False
1454,1.563687832113604,False
1455,1.417279136128762,True
1456,1.4680627009121372,False
1457,1.5101654835455995,False
1458,1.466006996019876,False
1459,1.433789455167889,False
1460,1.49152245800909,False
1461,1.5083468262198543,False
1462,1.5427568435548211,False
1463,1.5714520330302195,False
1464,1.5802673420723277,False
1465,1.6074519036351378,False
1466,1.6205427289354168,False
1467,1.6378926005530914,False
1468,1.6532561454803985,False
1469,1.5894975019299593,False
1470,1.6236890665852992,False
1471,1.608875465416022,False
1472,1.5360852044617122,True
1473,1.548696014968016,False
1474,1.5882344120449345,False
1475,1.6025394095451995,False
1476,1.6363276777860871,False
1477,1.5430206178657673,True
1478,1.50917721026297,False
1479,1.5332921398152541,False
1480,1.4899501898328342,False
1481,1.4304196406545102,True
1482,1.3106159141455689,True
1483,1.393628414052719,False
1484,1.4505056189830727,False
1485,1.5217237963093149,False
1486,1.470834575120713,True
1487,1.51155185139081,False
1488,1.5432728592626204,False
1489,1.1486826682548772,True
1490,1.0205938965842019,True
1491,1.150282126686753,False
1492,1.2579611668511415,False
1493,1.3464172526253304,False
1494,1.4212204294876396,False
1495,1.5241825424027686,False
1496,1.5633509577601576,False
1497,1.5445858006638769,False
1498,1.5268060445566232,False
1499,1.4989837388205096,False
1500,1.5167760173263494,False
1501,1.4951281401834469,False
1502,1.3902483749239034,True
1503,1.4201182081946155,False
1504,1.4441424979985906,False
1505,1.4824892874728621,False
1506,1.5355456488811143,False
1507,1.540382330575286,False
1508,1.535611532201856,False
1509,1.2827132290868248,True
1510,1.3492651399562023,False
1511,1.3730418490107454,False
1512,1.4417361674200586,False
1513,1.497788985589139,False
1514,1.522734117305543,False
1515,1.4210928122731927,True
1516,1.4815963939715953,False
1517,1.4830024873093879,False
1518,1.5075555056351049,False
1519,1.4479570042541927,True
1520,1.48508393564445,False
1521,1.4655901498970065,False
1522,1.3108125021449273,True
1523,1.3855625412193373,False
1524,1.4518107640248858,False
1525,0.7795904118132534,True
1526,0.9481564480124011,False
1527,1.1128186751020597,False
1528,1.1635408218966838,False
1529,0.8360091465418358,True
1530,0.9984915322412986,False
1531,1.0816543002324999,False
1532,1.2083589219895554,False
1533,1.2279123250481818,False
1534,1.2126456896056919,True
1535,1.3181821466517616,False
1536,1.4330482312057933,False
1537,1.4324417697669096,False
1538,1.476990194286952,False
1539,1.5194541373855799,False
1540,1.5035601945480135,False
1541,1.533750814788893,False
1542,1.5655026195051123,False
1543,1.5169454721797448,False
1544,1.4948243931753398,False
1545,1.5189977372998174,False
1546,1.6046149621823191,False
1547,1.5826764913074896,False
1548,1.6183482354674499,False
1549,1.6383722102314027,False
1550,1.6688355014028007,False
1551,1.6900573358280426,False
1552,1.7022150427705725,False
1553,1.702628558615882,False
1554,1.7541555606387544,False
1555,1.6042388547131008,True
1556,1.630962698590136,False
1557,1.6565289615343795,False
1558,1.6660579362282695,False
1559,1.6790591869637277,False
1560,1.6097996457931405,False
1561,1.620499964521256,False
1562,0.9190510693162871,True
1563,1.0685298198377848,False
1564,1.1080430784684485,True
1565,1.1828950354007282,False
1566,1.335396732136248,False
1567,1.3523092132724972,False
1568,1.4137233853148055,False
1569,1.3030010954386804,True
1570,0.959108078951651,True
1571,1.111355259069026,False
1572,1.1299070426260964,True
1573,1.1668185861711797,False
1574,1.2547314974009718,False
1575,1.350082317801079,False
1576,1.4281750827052004,False
1577,1.4785240761595853,False
1578,1.496746171655105,False
1579,1.469874542403573,False
1580,1.516697326484398,False
1581,1.5427876924802637,False
1582,1.5784276837016382,False
1583,1.5005364900431117,True
1584,1.5445815696932461,False
1585,1.5523683382282993,False
1586,1.5905311751010949,False
1587,1.540123515211913,False
1588,1.5817869472386017,False
1589,1.5063619442569844,True
1590,1.5599209840032986,False
1591,1.518825901118333,False
1592,1.497285026447537,False
1593,1.531641191672488,False
1594,1.5765424410927715,False
1595,1.631559974370639,False
1596,1.5532347025426025,True
1597,1.577641434476567,False
1598,1.5339494978259176,False
1599,1.5102737620379039,False
1600,1.4991370793303371,False
1601,1.5564856751283436,False
1602,1.529989050468607,False
1603,1.5091429648185126,False
1604,1.5404356903775454,False
1605,1.53460314999773,False
1606,1.5284948350793532,False
1607,1.584939145155723,False
1608,1.5668933802620286,False
1609,1.5482851965756474,False
1610,1.5641915128928803,False
1611,1.597207970581765,False
1612,1.6108644507743897,False
1613,1.6464729551628516,False
1614,1.5759799368759777,True
1615,1.554111357910506,False
1616,1.5870084011815915,False
1617,1.5983218411964923,False
1618,1.6087658157497748,False
1619,1.6286778740942116,False
1620,1.5886989324446799,False
1621,1.618987094522494,False
1622,1.6398625380759944,False
1623,1.6306626288646182,False
1624,1.6164866188389277,False
1625,1.4400509285871865,True
